Timestamp,Cooling,Energy,Power IT,HVAC,Pumps,Plug & Light,PUE,Energy Reuse
Sun Jun 12 2016 00:00:18 GMT-0600 (Mountain Daylight Time),"0,10847559","12,09809527","61,45127057","0,10312547","0,06242997","0,15186588","0,00732823","12,09809527",
Sun Jun 12 2016 00:01:16 GMT-0600 (Mountain Daylight Time),"0,11222475","11,97269021","60,86387785","0,10399373","0,06197925","0,15051908","0,00749888","11,97269021",
Sun Jun 12 2016 00:02:17 GMT-0600 (Mountain Daylight Time),"0,11222475","11,97269021","60,66193989","0,10399373","0,06197925","0,15051908","0,00752554","11,97269021",
Sun Jun 12 2016 00:03:16 GMT-0600 (Mountain Daylight Time),"0,11122497","12,06338964","60,79233521","0,1039148","0,06167727","0,15119248","0,00746209","12,06338964",
Sun Jun 12 2016 00:04:17 GMT-0600 (Mountain Daylight Time),"0,11122497","12,06338964","61,03587455","0,1039148","0,06167727","0,15119248","0,00743029","12,06338964",
Sun Jun 12 2016 00:05:17 GMT-0600 (Mountain Daylight Time),"0,11097503","12,1747299","60,88643444","0,10425026","0,06378362","0,15119248","0,00755454","12,1747299",
Sun Jun 12 2016 00:06:17 GMT-0600 (Mountain Daylight Time),"0,11097503","12,1747299","61,55342697","0,10425026","0,06378362","0,15119248","0,00746718","12,1747299",
Sun Jun 12 2016 00:07:17 GMT-0600 (Mountain Daylight Time),"0,10947537","12,1685834","60,96174279","0,10452652","0,06182751","0,14109147","0,00736624","12,1685834",
Sun Jun 12 2016 00:08:17 GMT-0600 (Mountain Daylight Time),"0,10947537","12,1685834","61,50681118","0,10452652","0,06182751","0,14109147","0,00729647","12,1685834",
Sun Jun 12 2016 00:09:17 GMT-0600 (Mountain Daylight Time),"0,10947537","12,06270208","60,70440934","0,10407266","0,06213099","0,14109147","0,00741388","12,06270208",
Sun Jun 12 2016 00:10:17 GMT-0600 (Mountain Daylight Time),"0,10947537","12,06270208","60,42319034","0,10407266","0,06213099","0,14109147","0,00745074","12,06270208",
Sun Jun 12 2016 00:11:17 GMT-0600 (Mountain Daylight Time),"0,10822565","12,13058586","60,38554974","0,10332281","0,06258021","0,14041807","0,00743464","12,13058586",
Sun Jun 12 2016 00:12:17 GMT-0600 (Mountain Daylight Time),"0,10822565","12,13058586","60,49660364","0,10332281","0,06258021","0,14041807","0,00742006","12,13058586",
Sun Jun 12 2016 00:13:17 GMT-0600 (Mountain Daylight Time),"0,11047514","12,15758753","61,03576415","0,10353987","0,06303242","0,14109147","0,00744797","12,15758753",
Sun Jun 12 2016 00:14:17 GMT-0600 (Mountain Daylight Time),"0,11047514","12,15758753","62,46051067","0,10353987","0,06303242","0,14109147","0,00726652","12,15758753",
Sun Jun 12 2016 00:15:18 GMT-0600 (Mountain Daylight Time),"0,11322452","12,3060058","62,19239881","0,10452652","0,06302942","0,13974467","0,00738557","12,3060058",
Sun Jun 12 2016 00:16:19 GMT-0600 (Mountain Daylight Time),"0,11322452","12,3060058","62,04935689","0,10452652","0,06302942","0,13974467","0,00740376","12,3060058",
Sun Jun 12 2016 00:17:17 GMT-0600 (Mountain Daylight Time),"0,11072509","12,22837807","60,8510617","0,10395426","0,06273044","0,14041807","0,00746385","12,22837807",
Sun Jun 12 2016 00:18:17 GMT-0600 (Mountain Daylight Time),"0,11072509","12,22837807","60,47381061","0,10395426","0,06273044","0,14041807","0,00751358","12,22837807",
Sun Jun 12 2016 00:19:17 GMT-0600 (Mountain Daylight Time),"0,11122498","12,14288482","60,58014372","0,1033228","0,0633314","0,14041807","0,00754484","12,14288482",
Sun Jun 12 2016 00:20:16 GMT-0600 (Mountain Daylight Time),"0,11122498","12,14288482","60,57807417","0,1033228","0,0633314","0,14041807","0,00754512","12,14288482",
Sun Jun 12 2016 00:21:17 GMT-0600 (Mountain Daylight Time),"0,11097503","12,05791484","60,44819264","0,1004023","0,06107782","0,14041807","0,00742257","12,05791484",
Sun Jun 12 2016 00:22:16 GMT-0600 (Mountain Daylight Time),"0,11197481","12,31761538","61,49575147","0,10154682","0,06182901","0,14109147","0,00736472","12,31761538",
Sun Jun 12 2016 00:23:16 GMT-0600 (Mountain Daylight Time),"0,11197481","12,31761538","61,10770556","0,10154682","0,06182901","0,14109147","0,00741471","12,31761538",
Sun Jun 12 2016 00:24:17 GMT-0600 (Mountain Daylight Time),"0,11197481","12,31761538","61,67500137","0,10154682","0,06182901","0,14109147","0,00734184","12,31761538",
Sun Jun 12 2016 00:25:17 GMT-0600 (Mountain Daylight Time),"0,10922542","12,2962455","61,15502096","0,10012604","0,06183052","0,14041807","0,00731408","12,2962455",
Sun Jun 12 2016 00:26:17 GMT-0600 (Mountain Daylight Time),"0,10922542","12,2962455","62,01209934","0,10012604","0,06183052","0,14041807","0,00720598","12,2962455",
Sun Jun 12 2016 00:27:17 GMT-0600 (Mountain Daylight Time),"0,11172486","12,06196308","61,4747185","0,10440812","0,06198076","0,14041807","0,00737701","12,06196308",
Sun Jun 12 2016 00:28:16 GMT-0600 (Mountain Daylight Time),"0,11172486","12,06196308","61,55507943","0,10440812","0,06198076","0,14041807","0,00736672","12,06196308",
Sun Jun 12 2016 00:29:18 GMT-0600 (Mountain Daylight Time),"0,10972531","12,04985342","61,36691929","0,10156655","0,06122957","0,14109147","0,00727895","12,04985342",
Sun Jun 12 2016 00:30:16 GMT-0600 (Mountain Daylight Time),"0,10972531","12,04985342","62,63682803","0,10156655","0,06122957","0,14109147","0,0071211","12,04985342",
Sun Jun 12 2016 00:31:18 GMT-0600 (Mountain Daylight Time),"0,11072509","12,1763471","62,23140786","0,10357933","0,06273044","0,14041807","0,00728558","12,1763471",
Sun Jun 12 2016 00:32:16 GMT-0600 (Mountain Daylight Time),"0,11072509","12,1763471","61,33646309","0,10357933","0,06273044","0,14041807","0,00739928","12,1763471",
Sun Jun 12 2016 00:33:15 GMT-0600 (Mountain Daylight Time),"0,10747582","12,15500695","61,20878517","0,1033228","0,06212799","0,14109147","0,00728224","12,15500695",
Sun Jun 12 2016 00:34:15 GMT-0600 (Mountain Daylight Time),"0,10747582","12,15500695","60,9516506","0,1033228","0,06212799","0,14109147","0,0073151","12,15500695",
Sun Jun 12 2016 00:35:16 GMT-0600 (Mountain Daylight Time),"0,10947537","11,90694716","61,2902773","0,10438839","0,06363338","0,14041807","0,00741644","11,90694716",
Sun Jun 12 2016 00:36:17 GMT-0600 (Mountain Daylight Time),"0,10972531","11,84650753","61,44232401","0,10421079","0,06393235","0,14041807","0,00741966","11,84650753",
Sun Jun 12 2016 00:37:17 GMT-0600 (Mountain Daylight Time),"0,10872554","12,18163011","62,45655772","0,10334254","0,06242997","0,14041807","0,00717912","12,18163011",
Sun Jun 12 2016 00:38:18 GMT-0600 (Mountain Daylight Time),"0,10872554","12,18163011","62,6727255","0,10334254","0,06242997","0,14041807","0,00715261","12,18163011",
Sun Jun 12 2016 00:39:17 GMT-0600 (Mountain Daylight Time),"0,10972531","12,10623681","62,65446133","0,10399373","0,06242997","0,14041807","0,00718827","12,10623681",
Sun Jun 12 2016 00:40:17 GMT-0600 (Mountain Daylight Time),"0,10972531","12,10623681","61,95887625","0,10399373","0,06242997","0,14041807","0,00727466","12,10623681",
Sun Jun 12 2016 00:41:15 GMT-0600 (Mountain Daylight Time),"0,10772576","12,04240807","61,69662046","0,08564191","0,05999611","0,14041807","0,00704514","12,04240807",
Sun Jun 12 2016 00:42:16 GMT-0600 (Mountain Daylight Time),"0,10772576","12,04240807","61,47417785","0,08564191","0,05999611","0,14041807","0,00707247","12,04240807",
Sun Jun 12 2016 00:43:16 GMT-0600 (Mountain Daylight Time),"0,11097503","11,88084003","61,14505994","0,1004615","0,06167878","0,14041807","0,00736407","11,88084003",
Sun Jun 12 2016 00:44:15 GMT-0600 (Mountain Daylight Time),"0,11097503","11,88084003","60,83416182","0,1004615","0,06167878","0,14041807","0,0074043","11,88084003",
Sun Jun 12 2016 00:45:20 GMT-0600 (Mountain Daylight Time),"0,10997526","12,01591115","62,48242292","0,10365827","0,06107782","0,14041807","0,00714622","12,01591115",
Sun Jun 12 2016 00:46:17 GMT-0600 (Mountain Daylight Time),"0,10997526","12,01591115","62,15437306","0,06813862","0,06102073","0,14041807","0,0070436","12,01591115",
Sun Jun 12 2016 00:47:17 GMT-0600 (Mountain Daylight Time),"0,1102252","12,11261801","61,30348991","0,10233615","0,06243147","0,14109147","0,00736897","12,11261801",
Sun Jun 12 2016 00:48:18 GMT-0600 (Mountain Daylight Time),"0,1102252","12,11261801","61,54876149","0,10233615","0,06243147","0,14109147","0,00733759","12,11261801",
Sun Jun 12 2016 00:49:17 GMT-0600 (Mountain Daylight Time),"0,10847559","12,11815778","61,41233079","0,10425026","0,06273045","0,13974467","0,00731942","12,11815778",
Sun Jun 12 2016 00:50:17 GMT-0600 (Mountain Daylight Time),"0,10847559","12,14269685","61,46588539","0,10466466","0,06288068","0,14041807","0,00732401","12,14269685",
Sun Jun 12 2016 00:51:16 GMT-0600 (Mountain Daylight Time),"0,10847559","12,14269685","61,28129946","0,10466466","0,06288068","0,14041807","0,0073476","12,14269685",
Sun Jun 12 2016 00:52:16 GMT-0600 (Mountain Daylight Time),"0,10847559","12,14269685","61,80956896","0,10466466","0,06288068","0,14041807","0,00728047","12,14269685",
Sun Jun 12 2016 00:53:16 GMT-0600 (Mountain Daylight Time),"0,10772576","12,17089407","62,05914307","0,09738313","0,06242997","0,14041807","0,00717364","12,17089407",
Sun Jun 12 2016 00:54:17 GMT-0600 (Mountain Daylight Time),"0,10772576","12,17089407","62,04639201","0,09738313","0,06242997","0,14041807","0,00717521","12,17089407",
Sun Jun 12 2016 00:55:17 GMT-0600 (Mountain Daylight Time),"0,10772576","12,17089407","62,41871968","0,09738313","0,06242997","0,14041807","0,00712939","12,17089407",
Sun Jun 12 2016 00:56:17 GMT-0600 (Mountain Daylight Time),"0,1079757","12,23069005","61,42324369","0,1039148","0,06288068","0,13974467","0,00730882","12,23069005",
Sun Jun 12 2016 00:57:16 GMT-0600 (Mountain Daylight Time),"0,1079757","12,23069005","61,28745068","0,1039148","0,06288068","0,13974467","0,00732614","12,23069005",
Sun Jun 12 2016 00:58:17 GMT-0600 (Mountain Daylight Time),"0,10997526","12,21012691","61,49139406","0,10196122","0,06153004","0,14109147","0,00728836","12,21012691",
Sun Jun 12 2016 00:59:18 GMT-0600 (Mountain Daylight Time),"0,10997526","12,21012691","61,08367352","0,10196122","0,06153004","0,14109147","0,00734039","12,21012691",
Sun Jun 12 2016 01:00:17 GMT-0600 (Mountain Daylight Time),"0,10947537","12,25968407","61,20242073","0,10352013","0,06062711","0,14041807","0,00726622","12,25968407",
Sun Jun 12 2016 01:01:17 GMT-0600 (Mountain Daylight Time),"0,10947537","12,25968407","61,96336188","0,10352013","0,06062711","0,14041807","0,00717076","12,25968407",
Sun Jun 12 2016 01:02:16 GMT-0600 (Mountain Daylight Time),"0,11147492","12,28827149","61,87706158","0,10428973","0,06197925","0,14041807","0,00731738","12,28827149",
Sun Jun 12 2016 01:03:17 GMT-0600 (Mountain Daylight Time),"0,11147492","12,28827149","61,99097196","0,10428973","0,06197925","0,14041807","0,00730301","12,28827149",
Sun Jun 12 2016 01:04:17 GMT-0600 (Mountain Daylight Time),"0,11172486","12,09092334","61,16246904","0,10071803","0,06167878","0,14109147","0,00738848","12,09092334",
Sun Jun 12 2016 01:05:16 GMT-0600 (Mountain Daylight Time),"0,11172486","12,09092334","61,1178845","0,10071803","0,06167878","0,14109147","0,00739424","12,09092334",
Sun Jun 12 2016 01:06:17 GMT-0600 (Mountain Daylight Time),"0,10972531","12,17307803","61,25518655","0,1032044","0,06258171","0,14041807","0,00736887","12,17307803",
Sun Jun 12 2016 01:07:16 GMT-0600 (Mountain Daylight Time),"0,10972531","12,17307803","61,14874256","0,1032044","0,06258171","0,14041807","0,00738258","12,17307803",
Sun Jun 12 2016 01:08:19 GMT-0600 (Mountain Daylight Time),"0,11297458","12,19551995","61,24670436","0,09785672","0,06288068","0,14041807","0,00746693","12,19551995",
Sun Jun 12 2016 01:09:17 GMT-0600 (Mountain Daylight Time),"0,11297458","12,19551995","62,96903305","0,09785672","0,06288068","0,14041807","0,00724882","12,19551995",
Sun Jun 12 2016 01:10:17 GMT-0600 (Mountain Daylight Time),"0,11097503","12,36521481","62,14238597","0,10401346","0,06183052","0,14041807","0,00725962","12,36521481",
Sun Jun 12 2016 01:11:17 GMT-0600 (Mountain Daylight Time),"0,11097503","12,36521481","61,07376712","0,10401346","0,06183052","0,14041807","0,00739551","12,36521481",
Sun Jun 12 2016 01:12:15 GMT-0600 (Mountain Daylight Time),"0,10947537","12,1946886","60,80357241","0,10377666","0,06242997","0,14041807","0,00741369","12,1946886",
Sun Jun 12 2016 01:13:17 GMT-0600 (Mountain Daylight Time),"0,10947537","12,1946886","60,74812802","0,10377666","0,06242997","0,14041807","0,00742091","12,1946886",
Sun Jun 12 2016 01:14:16 GMT-0600 (Mountain Daylight Time),"0,10847559","12,46810383","61,28145252","0,10298734","0,06273195","0,14041807","0,00733306","12,46810383",
Sun Jun 12 2016 01:15:17 GMT-0600 (Mountain Daylight Time),"0,10847559","12,46810383","60,85249654","0,10298734","0,06273195","0,14041807","0,00738832","12,46810383",
Sun Jun 12 2016 01:16:17 GMT-0600 (Mountain Daylight Time),"0,11047514","12,50728122","61,94553622","0,10442786","0,06212949","0,13974467","0,00728398","12,50728122",
Sun Jun 12 2016 01:17:16 GMT-0600 (Mountain Daylight Time),"0,11047514","12,50728122","61,82684435","0,10442786","0,06212949","0,13974467","0,00729894","12,50728122",
Sun Jun 12 2016 01:18:20 GMT-0600 (Mountain Daylight Time),"0,10897548","12,55992667","62,08597972","0,1039148","0,06107783","0,13974467","0,00716307","12,55992667",
Sun Jun 12 2016 01:19:17 GMT-0600 (Mountain Daylight Time),"0,10897548","12,55992667","61,10626707","0,1039148","0,06107783","0,13974467","0,00728605","12,55992667",
Sun Jun 12 2016 01:20:16 GMT-0600 (Mountain Daylight Time),"0,10947537","12,38142954","61,04267804","0,096949","0,06107783","0,14041807","0,00728394","12,38142954",
Sun Jun 12 2016 01:21:16 GMT-0600 (Mountain Daylight Time),"0,10947537","12,38142954","61,30119233","0,06734929","0,06102073","0,14041807","0,00712975","12,38142954",
Sun Jun 12 2016 01:22:16 GMT-0600 (Mountain Daylight Time),"0,11372441","12,34437267","61,36556933","0,10089563","0,06287918","0,14041807","0,00748718","12,34437267",
Sun Jun 12 2016 01:23:18 GMT-0600 (Mountain Daylight Time),"0,11372441","12,34437267","61,27489266","0,10089563","0,06287918","0,14041807","0,00749901","12,34437267",
Sun Jun 12 2016 01:24:17 GMT-0600 (Mountain Daylight Time),"0,11097503","12,40441015","62,30885043","0,10105349","0,06317966","0,14041807","0,00729692","12,40441015",
Sun Jun 12 2016 01:25:17 GMT-0600 (Mountain Daylight Time),"0,11097503","12,40441015","62,29638726","0,10105349","0,06317966","0,14041807","0,00729849","12,40441015",
Sun Jun 12 2016 01:26:15 GMT-0600 (Mountain Daylight Time),"0,11147492","12,42881387","61,27316677","0,10430946","0,06152854","0,13974467","0,007369","12,42881387",
Sun Jun 12 2016 01:27:17 GMT-0600 (Mountain Daylight Time),"0,11147492","12,42881387","61,49210685","0,10430946","0,06152854","0,13974467","0,00734096","12,42881387",
Sun Jun 12 2016 01:28:19 GMT-0600 (Mountain Daylight Time),"0,11072509","12,29192652","61,90362793","0,10296761","0,06287768","0,14109147","0,00733395","12,29192652",
Sun Jun 12 2016 01:29:18 GMT-0600 (Mountain Daylight Time),"0,11072509","12,29192652","61,39224045","0,10296761","0,06287768","0,14109147","0,00739926","12,29192652",
Sun Jun 12 2016 01:30:18 GMT-0600 (Mountain Daylight Time),"0,10897548","12,37372485","61,51154356","0,1034412","0,06122957","0,14109147","0,00724453","12,37372485",
Sun Jun 12 2016 01:31:20 GMT-0600 (Mountain Daylight Time),"0,10897548","12,37372485","61,71061198","0,1034412","0,06122957","0,14109147","0,00721952","12,37372485",
Sun Jun 12 2016 01:32:16 GMT-0600 (Mountain Daylight Time),"0,11047514","11,92814337","62,72154054","0,09996817","0,06183052","0,14041807","0,00715667","11,92814337",
Sun Jun 12 2016 01:33:15 GMT-0600 (Mountain Daylight Time),"0,11047514","11,92814337","62,31256065","0,09996817","0,06183052","0,14041807","0,00720697","11,92814337",
Sun Jun 12 2016 01:34:17 GMT-0600 (Mountain Daylight Time),"0,1102252","12,05942366","61,01872354","0,10205988","0,06212949","0,14041807","0,00738679","12,05942366",
Sun Jun 12 2016 01:35:18 GMT-0600 (Mountain Daylight Time),"0,1102252","12,05942366","60,82599196","0,10205988","0,06212949","0,14041807","0,0074118","12,05942366",
Sun Jun 12 2016 01:36:15 GMT-0600 (Mountain Daylight Time),"0,11147492","11,92067367","61,19831114","0,09906044","0,06152854","0,14109147","0,00736141","11,92067367",
Sun Jun 12 2016 01:37:16 GMT-0600 (Mountain Daylight Time),"0,11147492","11,92067367","61,32107122","0,09906044","0,06152854","0,14109147","0,00734566","11,92067367",
Sun Jun 12 2016 01:38:17 GMT-0600 (Mountain Daylight Time),"0,10897548","12,15238729","61,09011672","0,10399373","0,06212949","0,13974467","0,00734384","12,15238729",
Sun Jun 12 2016 01:39:17 GMT-0600 (Mountain Daylight Time),"0,10847559","12,27620806","62,17657899","0,103974","0,06273044","0,13974467","0,00722213","12,27620806",
Sun Jun 12 2016 01:40:16 GMT-0600 (Mountain Daylight Time),"0,11122498","12,16006101","62,20131099","0,10346093","0,06378211","0,14176487","0,00736259","12,16006101",
Sun Jun 12 2016 01:41:17 GMT-0600 (Mountain Daylight Time),"0,11122498","12,16006101","62,54165592","0,10346093","0,06378211","0,14176487","0,00731976","12,16006101",
Sun Jun 12 2016 01:42:16 GMT-0600 (Mountain Daylight Time),"0,11322452","12,13909143","61,49140834","0,10196122","0,06032663","0,14041807","0,00732571","12,13909143",
Sun Jun 12 2016 01:43:16 GMT-0600 (Mountain Daylight Time),"0,11322452","12,13909143","61,59753369","0,10196122","0,06032663","0,14041807","0,00731222","12,13909143",
Sun Jun 12 2016 01:44:17 GMT-0600 (Mountain Daylight Time),"0,10947537","12,07842511","61,58321368","0,10298931","0,06273195","0,13974467","0,00732418","12,07842511",
Sun Jun 12 2016 01:45:18 GMT-0600 (Mountain Daylight Time),"0,10947537","12,07842511","61,34581217","0,10298931","0,06273195","0,13974467","0,00735448","12,07842511",
Sun Jun 12 2016 01:46:17 GMT-0600 (Mountain Daylight Time),"0,10897548","12,21621231","62,1601438","0,10190202","0,06213099","0,14041807","0,00720239","12,21621231",
Sun Jun 12 2016 01:47:15 GMT-0600 (Mountain Daylight Time),"0,10897548","12,21621231","63,11863075","0,10190202","0,06213099","0,14041807","0,00708532","12,21621231",
Sun Jun 12 2016 01:48:17 GMT-0600 (Mountain Daylight Time),"0,10747582","12,2136458","62,2567433","0,10237759","0,06242997","0,14041807","0,00716115","12,2136458",
Sun Jun 12 2016 01:49:18 GMT-0600 (Mountain Daylight Time),"0,11097503","12,11478897","61,57087671","0,10431143","0,06122656","0,14041807","0,00730132","12,11478897",
Sun Jun 12 2016 01:50:17 GMT-0600 (Mountain Daylight Time),"0,11147492","12,23371508","61,45469566","0,09908215","0,06122506","0,13907127","0,00730711","12,23371508",
Sun Jun 12 2016 01:51:17 GMT-0600 (Mountain Daylight Time),"0,11147492","12,23371508","61,57556768","0,09908215","0,06122506","0,13907127","0,00729177","12,23371508",
Sun Jun 12 2016 01:52:16 GMT-0600 (Mountain Daylight Time),"0,10997526","12,12569709","61,90522713","0,09817245","0,06122957","0,14041807","0,00720375","12,12569709",
Sun Jun 12 2016 01:53:17 GMT-0600 (Mountain Daylight Time),"0,10997526","12,12569709","61,52054646","0,09817245","0,06122957","0,14041807","0,00725196","12,12569709",
Sun Jun 12 2016 01:54:17 GMT-0600 (Mountain Daylight Time),"0,10947537","12,13126754","61,97138384","0,10334254","0,06197925","0,14109147","0,00724117","12,13126754",
Sun Jun 12 2016 01:55:17 GMT-0600 (Mountain Daylight Time),"0,10947537","12,13126754","62,36251172","0,10334254","0,06197925","0,14109147","0,00719257","12,13126754",
Sun Jun 12 2016 01:56:17 GMT-0600 (Mountain Daylight Time),"0,10822565","12,09027488","62,30877755","0,10188426","0,06468354","0,13974467","0,00729065","12,09027488",
Sun Jun 12 2016 01:57:15 GMT-0600 (Mountain Daylight Time),"0,10822565","12,09027488","61,29638325","0,10188426","0,06468354","0,13974467","0,00741944","12,09027488",
Sun Jun 12 2016 01:58:17 GMT-0600 (Mountain Daylight Time),"0,10547627","11,98998047","61,14842899","0,10233812","0,0613783","0,13974467","0,00717945","11,98998047",
Sun Jun 12 2016 01:59:17 GMT-0600 (Mountain Daylight Time),"0,11097503","12,02043466","61,10335172","0,10431143","0,06227973","0,13974467","0,00741465","12,02043466",
Sun Jun 12 2016 02:00:16 GMT-0600 (Mountain Daylight Time),"0,11097503","11,95958865","61,38747085","0,10020497","0,06318116","0,13907127","0,00740697","11,95958865",
Sun Jun 12 2016 02:01:17 GMT-0600 (Mountain Daylight Time),"0,11097503","11,95958865","61,46954468","0,10020497","0,06318116","0,13907127","0,0073964","11,95958865",
Sun Jun 12 2016 02:02:17 GMT-0600 (Mountain Daylight Time),"0,11172486","11,71874109","62,1398435","0,09993067","0,06408259","0,14041807","0,00738384","11,71874109",
Sun Jun 12 2016 02:03:17 GMT-0600 (Mountain Daylight Time),"0,11172486","11,71874109","62,29161346","0,09993067","0,06408259","0,14041807","0,00736462","11,71874109",
Sun Jun 12 2016 02:04:16 GMT-0600 (Mountain Daylight Time),"0,10947537","11,97795176","61,26954026","0,10474556","0,06438306","0,14109147","0,00746183","11,97795176",
Sun Jun 12 2016 02:05:16 GMT-0600 (Mountain Daylight Time),"0,10947537","11,97795176","61,24464428","0,10474556","0,06438306","0,14109147","0,00746507","11,97795176",
Sun Jun 12 2016 02:06:15 GMT-0600 (Mountain Daylight Time),"0,1102252","11,66153216","61,16401461","0,10367997","0,06308651","0,13974467","0,007423","11,66153216",
Sun Jun 12 2016 02:07:18 GMT-0600 (Mountain Daylight Time),"0,1102252","11,66153216","61,21029201","0,10367997","0,06308651","0,13974467","0,007417","11,66153216",
Sun Jun 12 2016 02:08:17 GMT-0600 (Mountain Daylight Time),"0,10922542","11,91674976","61,28223106","0,10269331","0,06402399","0,13974467","0,00742143","11,91674976",
Sun Jun 12 2016 02:09:17 GMT-0600 (Mountain Daylight Time),"0,10922542","11,91674976","61,99854511","0,10269331","0,06402399","0,13974467","0,00732983","11,91674976",
Sun Jun 12 2016 02:10:16 GMT-0600 (Mountain Daylight Time),"0,1079757","11,88495608","62,38020468","0,1047653","0,06489688","0,14041807","0,00729816","11,88495608",
Sun Jun 12 2016 02:11:18 GMT-0600 (Mountain Daylight Time),"0,1079757","11,88495608","61,95756717","0,1047653","0,06489688","0,14041807","0,0073514","11,88495608",
Sun Jun 12 2016 02:12:16 GMT-0600 (Mountain Daylight Time),"0,10897548","11,88820353","60,99802766","0,10273278","0,06543173","0,13974467","0,00752489","11,88820353",
Sun Jun 12 2016 02:13:18 GMT-0600 (Mountain Daylight Time),"0,10897548","11,88820353","61,26748147","0,10273278","0,06543173","0,13974467","0,00748957","11,88820353",
Sun Jun 12 2016 02:14:17 GMT-0600 (Mountain Daylight Time),"0,11147492","11,87679272","61,1407757","0,09997014","0,06628358","0,14176487","0,00762471","11,87679272",
Sun Jun 12 2016 02:15:18 GMT-0600 (Mountain Daylight Time),"0,11147492","11,87679272","61,03306325","0,09997014","0,06628358","0,14176487","0,00763906","11,87679272",
Sun Jun 12 2016 02:16:16 GMT-0600 (Mountain Daylight Time),"0,11147492","11,8825834","61,04576954","0,10358131","0,06695665","0,14041807","0,00768355","11,8825834",
Sun Jun 12 2016 02:17:17 GMT-0600 (Mountain Daylight Time),"0,11147492","11,8825834","61,94693025","0,10358131","0,06695665","0,14041807","0,0075644","11,8825834",
Sun Jun 12 2016 02:18:17 GMT-0600 (Mountain Daylight Time),"0,10897548","12,12768088","61,94085139","0,1041733","0,06752905","0,14109147","0,00752108","12,12768088",
Sun Jun 12 2016 02:19:17 GMT-0600 (Mountain Daylight Time),"0,10897548","12,12768088","61,4401262","0,1041733","0,06752905","0,14109147","0,00758651","12,12768088",
Sun Jun 12 2016 02:20:17 GMT-0600 (Mountain Daylight Time),"0,10847559","12,08789461","61,06013381","0,1007792","0,0669266","0,13974467","0,00757185","12,08789461",
Sun Jun 12 2016 02:21:17 GMT-0600 (Mountain Daylight Time),"0,10847559","12,08789461","61,28459355","0,1007792","0,0669266","0,13974467","0,00754226","12,08789461",
Sun Jun 12 2016 02:22:17 GMT-0600 (Mountain Daylight Time),"0,10722588","12,15783963","61,18303593","0,10373917","0,0669281","0,14041807","0,00752993","12,15783963",
Sun Jun 12 2016 02:23:18 GMT-0600 (Mountain Daylight Time),"0,10722588","12,15783963","61,13159071","0,10373917","0,0669281","0,14041807","0,00753669","12,15783963",
Sun Jun 12 2016 02:24:15 GMT-0600 (Mountain Daylight Time),"0,10997526","12,2112353","61,97282186","0,10472583","0,06843348","0,13974467","0,00759357","12,2112353",
Sun Jun 12 2016 02:25:17 GMT-0600 (Mountain Daylight Time),"0,10997526","12,2112353","62,00998037","0,10472583","0,06843348","0,13974467","0,00758872","12,2112353",
Sun Jun 12 2016 02:26:17 GMT-0600 (Mountain Daylight Time),"0,1102252","12,26206681","61,94117643","0,10188426","0,0688842","0,13974467","0,0076177","12,26206681",
Sun Jun 12 2016 02:27:17 GMT-0600 (Mountain Daylight Time),"0,1102252","12,26206681","61,01078577","0,10188426","0,0688842","0,13974467","0,0077416","12,26206681",
Sun Jun 12 2016 02:28:16 GMT-0600 (Mountain Daylight Time),"0,10897548","12,16744724","61,07797558","0,10504156","0,06846504","0,13907127","0,00768161","12,16744724",
Sun Jun 12 2016 02:29:17 GMT-0600 (Mountain Daylight Time),"0,10897548","12,16744724","61,17352619","0,10504156","0,06846504","0,13907127","0,00766882","12,16744724",
Sun Jun 12 2016 02:30:18 GMT-0600 (Mountain Daylight Time),"0,10922542","12,32466197","61,24600936","0,10462716","0,06965793","0,13974467","0,00772997","12,32466197",
Sun Jun 12 2016 02:31:23 GMT-0600 (Mountain Daylight Time),"0,10922542","12,32466197","61,08035028","0,10462716","0,06965793","0,13974467","0,00775231","12,32466197",
Sun Jun 12 2016 02:32:17 GMT-0600 (Mountain Daylight Time),"0,10972531","12,37735179","61,79386845","0,10279198","0,06930938","0,13974467","0,00764716","12,37735179",
Sun Jun 12 2016 02:33:15 GMT-0600 (Mountain Daylight Time),"0,10972531","12,37735179","61,11520371","0,10279198","0,06930938","0,13974467","0,00773771","12,37735179",
Sun Jun 12 2016 02:34:16 GMT-0600 (Mountain Daylight Time),"0,1119748","12,19800163","62,01870554","0,09929921","0,06782652","0,14109147","0,00760076","12,19800163",
Sun Jun 12 2016 02:35:17 GMT-0600 (Mountain Daylight Time),"0,1119748","12,19800163","62,18782401","0,09929921","0,06782652","0,14109147","0,00757871","12,19800163",
Sun Jun 12 2016 02:36:17 GMT-0600 (Mountain Daylight Time),"0,10922542","12,24811875","61,16362384","0,1046469","0,06947313","0,13907127","0,00772952","12,24811875",
Sun Jun 12 2016 02:37:16 GMT-0600 (Mountain Daylight Time),"0,10922542","12,24811875","61,26290265","0,1046469","0,06947313","0,13907127","0,00771618","12,24811875",
Sun Jun 12 2016 02:38:18 GMT-0600 (Mountain Daylight Time),"0,10922542","12,2700294","61,14741026","0,10271305","0,06782502","0,13974467","0,00763909","12,2700294",
Sun Jun 12 2016 02:39:17 GMT-0600 (Mountain Daylight Time),"0,10922542","12,2700294","60,90579686","0,10271305","0,06782502","0,13974467","0,00767141","12,2700294",
Sun Jun 12 2016 02:40:17 GMT-0600 (Mountain Daylight Time),"0,10897548","12,18084955","61,08080783","0,10269332","0,06872044","0,13974467","0,00768717","12,18084955",
Sun Jun 12 2016 02:41:17 GMT-0600 (Mountain Daylight Time),"0,10897548","12,18084955","62,05270548","0,10269332","0,06872044","0,13974467","0,00755883","12,18084955",
Sun Jun 12 2016 02:42:16 GMT-0600 (Mountain Daylight Time),"0,1102252","12,34314243","61,95813247","0,10413384","0,06887519","0,13974467","0,0076239","12,34314243",
Sun Jun 12 2016 02:43:16 GMT-0600 (Mountain Daylight Time),"0,1102252","12,34314243","61,12090259","0,10413384","0,06887519","0,13974467","0,00773528","12,34314243",
Sun Jun 12 2016 02:44:17 GMT-0600 (Mountain Daylight Time),"0,10972531","12,38659251","61,04149999","0,10462716","0,06722106","0,13974467","0,00764491","12,38659251",
Sun Jun 12 2016 02:45:17 GMT-0600 (Mountain Daylight Time),"0,10972531","12,38659251","61,00897684","0,10462716","0,06722106","0,13974467","0,00764925","12,38659251",
Sun Jun 12 2016 02:46:17 GMT-0600 (Mountain Daylight Time),"0,11322452","12,45555845","61,10268516","0,10115413","0,06887368","0,13907127","0,00781879","12,45555845",
Sun Jun 12 2016 02:47:16 GMT-0600 (Mountain Daylight Time),"0,11322452","12,45555845","61,03385452","0,10115413","0,06887368","0,13907127","0,00782817","12,45555845",
Sun Jun 12 2016 02:48:17 GMT-0600 (Mountain Daylight Time),"0,11097503","12,47420317","61,82364682","0,1044693","0,06977361","0,14041807","0,00771504","12,47420317",
Sun Jun 12 2016 02:49:17 GMT-0600 (Mountain Daylight Time),"0,11097503","12,47420317","62,39753956","0,1045877","0,06977361","0,14041807","0,00763989","12,47420317",
Sun Jun 12 2016 02:50:16 GMT-0600 (Mountain Daylight Time),"0,11097503","12,47420317","61,9286535","0,10506129","0,06977361","0,13974467","0,00770157","12,47420317",
Sun Jun 12 2016 02:51:17 GMT-0600 (Mountain Daylight Time),"0,11097503","12,47420317","60,952239","0,10506129","0,06977361","0,13974467","0,00783307","12,47420317",
Sun Jun 12 2016 02:52:16 GMT-0600 (Mountain Daylight Time),"0,1079757","12,38300875","61,26314933","0,09783896","0,06797376","0,14041807","0,00757444","12,38300875",
Sun Jun 12 2016 02:53:16 GMT-0600 (Mountain Daylight Time),"0,1079757","12,38300875","61,13241538","0,09783896","0,06797376","0,14041807","0,00759172","12,38300875",
Sun Jun 12 2016 02:54:16 GMT-0600 (Mountain Daylight Time),"0,1102252","12,38983802","61,12295641","0,10466663","0,06767328","0,14109147","0,00767764","12,38983802",
Sun Jun 12 2016 02:55:17 GMT-0600 (Mountain Daylight Time),"0,1102252","12,38983802","61,26199396","0,10466663","0,06767328","0,14109147","0,00765906","12,38983802",
Sun Jun 12 2016 02:56:15 GMT-0600 (Mountain Daylight Time),"0,10947537","12,50744821","61,16601893","0,10460743","0,06857321","0,14041807","0,00769338","12,50744821",
Sun Jun 12 2016 02:57:17 GMT-0600 (Mountain Daylight Time),"0,10947537","12,50744821","61,67738756","0,10460743","0,06857321","0,14041807","0,00762539","12,50744821",
Sun Jun 12 2016 02:58:16 GMT-0600 (Mountain Daylight Time),"0,10997525","12,390108","61,3108567","0,10075947","0,06700322","0,14109147","0,00759387","12,390108",
Sun Jun 12 2016 02:59:17 GMT-0600 (Mountain Daylight Time),"0,10997525","12,390108","62,63915722","0,10075947","0,06700322","0,14109147","0,00742209","12,390108",
Sun Jun 12 2016 03:00:18 GMT-0600 (Mountain Daylight Time),"0,10822565","12,40218166","61,29614786","0,1008976","0,06722257","0,14109147","0,00755266","12,40218166",
Sun Jun 12 2016 03:01:18 GMT-0600 (Mountain Daylight Time),"0,10897548","12,23733641","61,05064376","0,10488369","0,06752454","0,14109147","0,00764075","12,23733641",
Sun Jun 12 2016 03:02:16 GMT-0600 (Mountain Daylight Time),"0,10897548","12,23733641","61,10812185","0,10488369","0,06752454","0,14041807","0,00763119","12,23733641",
Sun Jun 12 2016 03:03:16 GMT-0600 (Mountain Daylight Time),"0,11097503","12,16322832","61,02318791","0,09892429","0,06649391","0,14041807","0,00762762","12,16322832",
Sun Jun 12 2016 03:04:15 GMT-0600 (Mountain Daylight Time),"0,11097503","12,16322832","61,06957737","0,09939788","0,06649391","0,13974467","0,00762144","12,16322832",
Sun Jun 12 2016 03:05:17 GMT-0600 (Mountain Daylight Time),"0,10947537","12,0841857","62,17216725","0,10525862","0,06631663","0,13974467","0,00744454","12,0841857",
Sun Jun 12 2016 03:06:17 GMT-0600 (Mountain Daylight Time),"0,10947537","12,0841857","60,94322181","0,10431143","0,06631663","0,14109147","0,00760488","12,0841857",
Sun Jun 12 2016 03:07:16 GMT-0600 (Mountain Daylight Time),"0,10997526","11,81414851","61,15371343","0,10421277","0,06608827","0,14109147","0,00758036","11,81414851",
Sun Jun 12 2016 03:08:18 GMT-0600 (Mountain Daylight Time),"0,10897548","11,68915234","61,13663466","0,10523889","0,06407357","0,14041807","0,00744712","11,68915234",
Sun Jun 12 2016 03:09:17 GMT-0600 (Mountain Daylight Time),"0,10897548","11,68915234","61,11949599","0,10523889","0,06407357","0,14041807","0,00744935","11,68915234",
Sun Jun 12 2016 03:10:17 GMT-0600 (Mountain Daylight Time),"0,10872554","11,80346158","61,38053552","0,10506129","0,06473763","0,14041807","0,00744175","11,80346158",
Sun Jun 12 2016 03:11:17 GMT-0600 (Mountain Daylight Time),"0,10872554","11,80346158","62,37726761","0,10506129","0,06473763","0,14041807","0,00731473","11,80346158",
Sun Jun 12 2016 03:12:16 GMT-0600 (Mountain Daylight Time),"0,10922542","11,66863248","61,2791119","0,10484423","0,06374605","0,13974467","0,00741584","11,66863248",
Sun Jun 12 2016 03:13:17 GMT-0600 (Mountain Daylight Time),"0,10922542","11,66863248","61,55764376","0,10484423","0,06374605","0,13974467","0,00737999","11,66863248",
Sun Jun 12 2016 03:14:17 GMT-0600 (Mountain Daylight Time),"0,10972531","11,30491866","61,47832106","0,10478503","0,0628311","0,13974467","0,00735775","11,30491866",
Sun Jun 12 2016 03:15:18 GMT-0600 (Mountain Daylight Time),"0,10972531","11,30491866","61,38281785","0,10478503","0,0628311","0,13974467","0,00736999","11,30491866",
Sun Jun 12 2016 03:16:18 GMT-0600 (Mountain Daylight Time),"0,10772576","11,32515885","61,272392","0,10423053","0,06471659","0,14041807","0,00741978","11,32515885",
Sun Jun 12 2016 03:17:17 GMT-0600 (Mountain Daylight Time),"0,10772576","11,32515885","62,70564688","0,10423053","0,06471659","0,14041807","0,0072386","11,32515885",
Sun Jun 12 2016 03:18:17 GMT-0600 (Mountain Daylight Time),"0,11272464","11,31047834","61,45583383","0,10442983","0,06393535","0,14109147","0,00751527","11,31047834",
Sun Jun 12 2016 03:19:17 GMT-0600 (Mountain Daylight Time),"0,11272464","11,31047834","61,56511485","0,10442983","0,06393535","0,14109147","0,00750103","11,31047834",
